<?xml version="1.0" encoding="UTF-8"?><Aanleveringen xmlns="http://www.geostandaarden.nl/bestanden-ow/manifest-ow" xmlns:xsi="http://www.w3.org/2001/XMLSchema-instance" xsi:schemaLocation="http://www.geostandaarden.nl/bestanden-ow/manifest-ow https://register.geostandaarden.nl/xmlschema/tpod/v1.0.3-RC/bestanden-ow/generiek/manifest-ow.xsd">
   <domein>omgevingswet</domein>
   <Aanlevering>
      <WorkIDRegeling>/akn/nl/act/gm0297/2019/reg456RGL-20210308-125605</WorkIDRegeling>
      <DoelID>/join/id/proces/gm0297/2020/mutatie_opdracht_3cRGL-20210308-152851</DoelID>
      <Bestand>
         <naam>owGebiedsaanwijzingen-Gemeentestad.xml</naam>
         <objecttype>Gebiedsaanwijzing</objecttype>
      </Bestand>
      <Bestand>
         <naam>owLocaties-Gemeentestad.xml</naam>
         <objecttype>Gebied</objecttype>
      </Bestand>
      <Bestand>
         <naam>owRegeltekst-Gemeentestad.xml</naam>
         <objecttype>RegelVoorIedereen</objecttype>
      </Bestand>
   </Aanlevering>
</Aanleveringen>