{
	"typering": "Overige",
	"magneet": false,
	"toonbaar": true,
	"verfijnbaar": false,
	"regelbeheerobjecten": [
		{
			"typering": "Conclusie"
		},
		{
			"typering": "Indieningsvereisten",
			"toestemming": {
				"code": "Vergunning"
			}
		},
		{
			"typering": "Indieningsvereisten",
			"toestemming": {
				"code": "Melding"
			}
		},
		{
			"typering": "Indieningsvereisten",
			"toestemming": {
				"code": "Informatie"
			}
		}
	],
	"werkzaamheden": [
		{
			"urn": "BoomOfStruikKappenOfSnoeien"
		}
	],
	"aansluitpunten": [],
	"bevoegdGezag": {
		"bestuurslaag": "gemeente"
	},
	"begindatum": "23-12-2020"
}